model_name,task_type,train_neg_mse,test_neg_mse,train_neg_mae,test_neg_mae,train_r2,test_r2,fit_time,score_time,train_f1_weighted,test_f1_weighted,train_accuracy,test_accuracy,train_roc_auc_ovr,test_roc_auc_ovr
Linear Regression,regression,2621579.4664752865,2660676.9325070553,1150.9832661120454,1159.7528218927305,0.988095077626142,0.9878201903743671,0.0029589653015136717,0.0018059730529785157,,,,,,
Random Forest Regressor,regression,153209.4634088328,1082495.8875670626,216.2044645500007,555.5410821000002,0.999301784224318,0.9951715275543049,0.21159944534301758,0.04996085166931152,,,,,,
Random Forest Regressor (Tuned),regression,247780.98032235968,1131548.2280271968,270.03300782348094,572.4714225740012,0.9988724327245844,0.994940113701287,0.2898734092712402,0.06018190383911133,,,,,,
XGBoost Regressor,regression,1446.5684998460065,1032801.1019044623,26.52413632812499,634.3618252343751,0.9999934590524475,0.9953119530214991,0.1218945026397705,0.005193376541137695,,,,,,
XGBoost Regressor (Tuned),regression,113407.18260910668,607460.627075688,259.7336716796875,537.394680390625,0.9994852298235786,0.9972252381302209,0.08263330459594727,0.005182075500488281,,,,,,
Random Forest Classifier,classification,,,,,,,0.22686223983764647,0.09961128234863281,1.0,0.9849587475633527,1.0,0.986,1.0,0.998900243364303
Random Forest Classifier (Tuned),classification,,,,,,,0.1504840850830078,0.06439366340637206,1.0,0.9939342253157359,1.0,0.994,1.0,0.9991343116991299
XGBoost Classifier,classification,,,,,,,0.05242619514465332,0.010105514526367187,1.0,0.9959630478173327,1.0,0.9960000000000001,1.0,0.9986246168956783
XGBoost Classifier (Tuned),classification,,,,,,,0.10291013717651368,0.010813093185424805,1.0,0.9959630478173327,1.0,0.9960000000000001,1.0,0.9994684515515413
